# harness=88c23887b engine=99933f87b (binary swapped in; harness+reporter from a37fcba3c) mode=renderer-stepped camera=orbit runs=3 frames=300 scenes=dugout,medtek settings=isolated
scene	config	run	mode	camera	wall_fps	wall_ms	fence_ms	brd_ms	gpu_main	gpu_svgf	gpu_composite	gpu_ssao	gpu_volumetrics	gpu_upscale	gpu_presentation	gpu_bloom	sim_time_s	entities	draws	lights	tlas	state_hash	gpu_inactive	raster_cmds	gpu_sky_cube	gpu_tlas_build	gpu_cluster_cull	rt_tier	gpu_groundcover_models	gpu_volumetrics_inject	gpu_volumetrics_integrate	volumetric_rt_tier	volumetric_light_cap	froxel_x	froxel_y	froxel_z	transport_armed	fog_volume_count	fog_cluster_max_density	fog_cluster_max_portal
dugout	taa	1	renderer-stepped	orbit	40.2	24.89	19.31	1.09	19.702	0.311	0.096	0.069	0.319	0.014	0.013	0.040	5.000010	11592	2367/659b/43c	156	1807	6a1eb22aa7367c4a	groundcover_scatter,groundcover_models	1824	0.221	0.026	0.205	0	0.000	0.290	0.027	0	2	160	90	64	0	36	19	0
dugout	taa	2	renderer-stepped	orbit	40.6	24.65	19.15	1.05	20.415	0.314	0.096	0.069	0.317	0.014	0.013	0.042	5.000010	11592	2367/659b/43c	156	1807	6a1eb22aa7367c4a	groundcover_scatter,groundcover_models	1824	0.202	0.027	0.193	0	0.000	0.291	0.023	0	2	160	90	64	0	36	19	0
dugout	taa	3	renderer-stepped	orbit	40.9	24.43	18.88	1.05	20.781	0.314	0.096	0.068	0.332	0.014	0.013	0.043	5.000010	11592	2367/659b/43c	156	1807	6a1eb22aa7367c4a	groundcover_scatter,groundcover_models	1824	0.206	0.027	0.195	0	0.000	0.304	0.025	0	2	160	90	64	0	36	19	0
dugout	fsr-native-aa	1	renderer-stepped	orbit	39.5	25.30	19.62	1.07	21.318	0.313	0.096	0.068	0.316	0.581	0.014	0.042	5.000010	11592	2367/659b/43c	156	1807	6a1eb22aa7367c4a	taa,groundcover_scatter,groundcover_models	1824	0.200	0.025	0.221	0	0.000	0.291	0.022	0	2	160	90	64	0	36	19	0
dugout	fsr-native-aa	2	renderer-stepped	orbit	39.1	25.56	19.86	1.08	19.167	0.316	0.095	0.069	0.316	0.565	0.013	0.040	5.000010	11592	2367/659b/43c	156	1807	6a1eb22aa7367c4a	taa,groundcover_scatter,groundcover_models	1824	0.200	0.026	0.210	0	0.000	0.290	0.022	0	2	160	90	64	0	36	19	0
dugout	fsr-native-aa	3	renderer-stepped	orbit	38.9	25.70	20.04	1.10	20.801	0.317	0.096	0.069	0.316	0.492	0.015	0.039	5.000010	11592	2367/659b/43c	156	1807	6a1eb22aa7367c4a	taa,groundcover_scatter,groundcover_models	1824	0.201	0.025	0.194	0	0.000	0.291	0.023	0	2	160	90	64	0	36	19	0
dugout	fsr-quality	1	renderer-stepped	orbit	69.1	14.48	9.09	1.03	9.615	0.153	0.075	0.034	0.173	0.174	0.014	0.034	5.000010	11592	2367/659b/43c	156	1807	6a1eb22aa7367c4a	taa,groundcover_scatter,groundcover_models	1824	0.200	0.024	0.216	0	0.000	0.142	0.027	0	2	107	60	64	0	36	19	0
dugout	fsr-quality	2	renderer-stepped	orbit	69.5	14.38	9.12	1.10	10.739	0.154	0.075	0.034	0.172	0.181	0.013	0.036	5.000010	11592	2367/659b/43c	156	1807	6a1eb22aa7367c4a	taa,groundcover_scatter,groundcover_models	1824	0.202	0.025	0.203	0	0.000	0.143	0.026	0	2	107	60	64	0	36	19	0
dugout	fsr-quality	3	renderer-stepped	orbit	74.9	13.35	8.17	1.01	9.725	0.154	0.075	0.033	0.171	0.182	0.013	0.034	5.000010	11592	2367/659b/43c	156	1807	6a1eb22aa7367c4a	taa,groundcover_scatter,groundcover_models	1824	0.198	0.024	0.225	0	0.000	0.143	0.026	0	2	107	60	64	0	36	19	0
dugout	fsr-balanced	1	renderer-stepped	orbit	86.4	11.58	6.46	0.98	8.479	0.125	0.073	0.028	0.133	0.170	0.013	0.038	5.000010	11592	2367/659b/43c	156	1807	6a1eb22aa7367c4a	taa,groundcover_scatter,groundcover_models	1824	0.196	0.025	0.180	0	0.000	0.112	0.018	0	2	94	53	64	0	36	19	0
dugout	fsr-balanced	2	renderer-stepped	orbit	79.5	12.58	7.36	1.03	8.432	0.126	0.072	0.028	0.134	0.163	0.014	0.031	5.000010	11592	2367/659b/43c	156	1807	6a1eb22aa7367c4a	taa,groundcover_scatter,groundcover_models	1824	0.216	0.025	0.276	0	0.000	0.113	0.017	0	2	94	53	64	0	36	19	0
dugout	fsr-balanced	3	renderer-stepped	orbit	79.2	12.62	7.21	1.04	8.362	0.125	0.073	0.028	0.135	0.170	0.012	0.035	5.000010	11592	2367/659b/43c	156	1807	6a1eb22aa7367c4a	taa,groundcover_scatter,groundcover_models	1824	0.198	0.025	0.231	0	0.000	0.113	0.020	0	2	94	53	64	0	36	19	0
dugout	fsr-performance	1	renderer-stepped	orbit	89.0	11.24	5.79	1.07	7.826	0.097	0.066	0.022	0.122	0.153	0.013	0.029	5.000010	11592	2367/659b/43c	156	1807	6a1eb22aa7367c4a	taa,groundcover_scatter,groundcover_models	1824	0.198	0.025	0.194	1	0.000	0.101	0.017	1	4	80	45	64	0	36	19	0
dugout	fsr-performance	2	renderer-stepped	orbit	90.9	11.01	5.76	1.08	8.397	0.101	0.066	0.022	0.123	0.161	0.013	0.033	5.000010	11592	2367/659b/43c	156	1807	6a1eb22aa7367c4a	taa,groundcover_scatter,groundcover_models	1824	0.206	0.024	0.187	1	0.000	0.102	0.018	1	4	80	45	64	0	36	19	0
dugout	fsr-performance	3	renderer-stepped	orbit	87.7	11.40	6.03	1.04	7.960	0.101	0.066	0.020	0.124	0.153	0.013	0.030	5.000010	11592	2367/659b/43c	156	1807	6a1eb22aa7367c4a	taa,groundcover_scatter,groundcover_models	1824	0.195	0.025	0.178	1	0.000	0.101	0.018	1	4	80	45	64	0	36	19	0
medtek	taa	1	renderer-stepped	orbit	19.8	50.46	35.48	4.48	49.714	0.217	0.075	0.074	1.206	0.014	0.013	0.044	5.000010	39560	14280/1340b/82c	286	13038	9baf21078b314935	groundcover_scatter,groundcover_models	8933	0.206	0.039	0.172	0	0.000	1.179	0.024	0	2	160	90	64	1	306	57	0
medtek	taa	2	renderer-stepped	orbit	19.9	50.38	35.58	4.37	50.223	0.216	0.074	0.074	1.102	0.015	0.012	0.040	5.000010	39560	14280/1340b/82c	286	13038	9baf21078b314935	groundcover_scatter,groundcover_models	8933	0.206	0.039	0.180	0	0.000	1.075	0.024	0	2	160	90	64	1	306	57	0
medtek	taa	3	renderer-stepped	orbit	20.5	48.79	34.00	4.41	47.224	0.218	0.072	0.074	0.918	0.015	0.013	0.043	5.000010	39560	14280/1340b/82c	286	13038	9baf21078b314935	groundcover_scatter,groundcover_models	8933	0.199	0.039	0.175	0	0.000	0.888	0.022	0	2	160	90	64	1	306	57	0
medtek	fsr-native-aa	1	renderer-stepped	orbit	19.8	50.61	35.88	4.25	51.044	0.215	0.073	0.074	0.932	0.475	0.013	0.042	5.000010	39560	14280/1340b/82c	286	13038	9baf21078b314935	taa,groundcover_scatter,groundcover_models	8933	0.199	0.040	0.209	0	0.000	0.904	0.025	0	2	160	90	64	1	306	57	0
medtek	fsr-native-aa	2	renderer-stepped	orbit	19.4	51.66	36.68	4.60	52.061	0.216	0.077	0.394	0.924	0.250	0.014	0.039	5.000010	39560	14280/1340b/82c	286	13038	9baf21078b314935	taa,groundcover_scatter,groundcover_models	8933	0.205	0.040	0.173	0	0.000	0.892	0.022	0	2	160	90	64	1	306	57	0
medtek	fsr-native-aa	3	renderer-stepped	orbit	19.8	50.50	35.48	4.62	50.545	0.216	0.073	0.074	0.914	0.246	0.014	0.042	5.000010	39560	14280/1340b/82c	286	13038	9baf21078b314935	taa,groundcover_scatter,groundcover_models	8933	0.203	0.040	0.203	0	0.000	0.889	0.022	0	2	160	90	64	1	306	57	0
medtek	fsr-quality	1	renderer-stepped	orbit	36.9	27.13	12.15	4.75	25.433	0.111	0.048	0.037	0.456	0.178	0.013	0.033	5.000010	39560	14280/1340b/82c	286	13038	9baf21078b314935	taa,groundcover_scatter,groundcover_models	8933	0.205	0.036	0.184	0	0.000	0.426	0.026	0	2	107	60	64	1	306	57	0
medtek	fsr-quality	2	renderer-stepped	orbit	35.9	27.87	12.60	4.48	25.944	0.117	0.048	0.037	0.456	0.567	0.013	0.037	5.000010	39560	14280/1340b/82c	286	13038	9baf21078b314935	taa,groundcover_scatter,groundcover_models	8933	0.197	0.038	0.186	0	0.000	0.427	0.027	0	2	107	60	64	1	306	57	0
medtek	fsr-quality	3	renderer-stepped	orbit	35.7	28.04	12.76	4.55	26.127	0.116	0.048	0.037	0.483	0.379	0.013	0.036	5.000010	39560	14280/1340b/82c	286	13038	9baf21078b314935	taa,groundcover_scatter,groundcover_models	8933	0.200	0.036	0.203	0	0.000	0.453	0.026	0	2	107	60	64	1	306	57	0
medtek	fsr-balanced	1	renderer-stepped	orbit	41.8	23.94	8.48	4.76	20.215	0.094	0.044	0.031	0.356	0.177	0.013	0.036	5.000010	39560	14280/1340b/82c	286	13038	9baf21078b314935	taa,groundcover_scatter,groundcover_models	8933	0.201	0.034	0.242	0	0.000	0.333	0.020	0	2	94	53	64	1	306	57	0
medtek	fsr-balanced	2	renderer-stepped	orbit	42.3	23.66	8.61	4.73	21.336	0.097	0.045	0.031	0.359	0.172	0.013	0.032	5.000010	39560	14280/1340b/82c	286	13038	9baf21078b314935	taa,groundcover_scatter,groundcover_models	8933	0.198	0.035	0.200	0	0.000	0.333	0.022	0	2	94	53	64	1	306	57	0
medtek	fsr-balanced	3	renderer-stepped	orbit	42.3	23.62	8.24	4.61	20.493	0.093	0.043	0.030	0.356	0.176	0.012	0.038	5.000010	39560	14280/1340b/82c	286	13038	9baf21078b314935	taa,groundcover_scatter,groundcover_models	8933	0.206	0.034	0.183	0	0.000	0.333	0.020	0	2	94	53	64	1	306	57	0
medtek	fsr-performance	1	renderer-stepped	orbit	50.7	19.71	4.54	4.77	16.271	0.074	0.039	0.023	0.534	0.168	0.013	0.035	5.000010	39560	14280/1340b/82c	286	13038	9baf21078b314935	taa,groundcover_scatter,groundcover_models	8933	0.198	0.035	0.196	0	0.000	0.509	0.023	0	2	80	45	64	1	306	57	0
medtek	fsr-performance	2	renderer-stepped	orbit	50.9	19.63	4.51	4.56	16.226	0.076	0.038	0.023	0.275	0.161	0.013	0.030	5.000010	39560	14280/1340b/82c	286	13038	9baf21078b314935	taa,groundcover_scatter,groundcover_models	8933	0.208	0.034	0.200	0	0.000	0.254	0.018	0	2	80	45	64	1	306	57	0
medtek	fsr-performance	3	renderer-stepped	orbit	50.1	19.97	4.87	4.57	15.759	0.076	0.039	0.023	0.276	0.169	0.013	0.035	5.000010	39560	14280/1340b/82c	286	13038	9baf21078b314935	taa,groundcover_scatter,groundcover_models	8933	0.203	0.034	0.180	0	0.000	0.255	0.018	0	2	80	45	64	1	306	57	0
