# harness=88c23887b engine=a37fcba3c (same-session rerun of HEAD alongside the two controls) mode=renderer-stepped camera=orbit runs=3 frames=300 scenes=dugout,medtek settings=isolated
scene	config	run	mode	camera	wall_fps	wall_ms	fence_ms	brd_ms	gpu_main	gpu_svgf	gpu_composite	gpu_ssao	gpu_volumetrics	gpu_upscale	gpu_presentation	gpu_bloom	sim_time_s	entities	draws	lights	tlas	state_hash	gpu_inactive	raster_cmds	gpu_sky_cube	gpu_tlas_build	gpu_cluster_cull	rt_tier	gpu_groundcover_models	gpu_volumetrics_inject	gpu_volumetrics_integrate	volumetric_rt_tier	volumetric_light_cap	froxel_x	froxel_y	froxel_z	transport_armed	fog_volume_count	fog_cluster_max_density	fog_cluster_max_portal
dugout	taa	1	renderer-stepped	orbit	40.6	24.65	19.11	1.04	18.640	0.315	0.096	0.069	0.317	0.013	0.013	0.042	5.000010	11592	2367/659b/43c	156	1807	6a1eb22aa7367c4a	groundcover_scatter,groundcover_models	1824	0.206	0.026	0.187	0	0.000	0.290	0.024	0	2	160	90	64	0	36	19	0
dugout	taa	2	renderer-stepped	orbit	41.1	24.31	18.76	1.05	19.390	0.316	0.095	0.069	0.314	0.015	0.013	0.043	5.000010	11592	2367/659b/43c	156	1807	6a1eb22aa7367c4a	groundcover_scatter,groundcover_models	1824	0.199	0.026	0.199	0	0.000	0.290	0.022	0	2	160	90	64	0	36	19	0
dugout	taa	3	renderer-stepped	orbit	40.3	24.78	19.26	1.02	20.624	0.317	0.097	0.069	0.316	0.014	0.012	0.042	5.000010	11592	2367/659b/43c	156	1807	6a1eb22aa7367c4a	groundcover_scatter,groundcover_models	1824	0.204	0.025	0.347	0	0.000	0.290	0.022	0	2	160	90	64	0	36	19	0
dugout	fsr-native-aa	1	renderer-stepped	orbit	39.3	25.42	19.64	1.16	19.998	0.314	0.096	0.069	0.317	0.250	0.015	0.041	5.000010	11592	2367/659b/43c	156	1807	6a1eb22aa7367c4a	taa,groundcover_scatter,groundcover_models	1824	0.204	0.025	0.203	0	0.000	0.291	0.023	0	2	160	90	64	0	36	19	0
dugout	fsr-native-aa	2	renderer-stepped	orbit	39.7	25.18	19.64	1.14	19.621	0.315	0.095	0.068	0.317	0.607	0.015	0.046	5.000010	11592	2367/659b/43c	156	1807	6a1eb22aa7367c4a	taa,groundcover_scatter,groundcover_models	1824	0.200	0.025	0.248	0	0.000	0.291	0.024	0	2	160	90	64	0	36	19	0
dugout	fsr-native-aa	3	renderer-stepped	orbit	39.4	25.37	19.61	1.08	20.057	0.315	0.096	0.069	0.318	0.452	0.015	0.039	5.000010	11592	2367/659b/43c	156	1807	6a1eb22aa7367c4a	taa,groundcover_scatter,groundcover_models	1824	0.207	0.025	0.184	0	0.000	0.291	0.024	0	2	160	90	64	0	36	19	0
dugout	fsr-quality	1	renderer-stepped	orbit	69.4	14.40	9.07	1.10	10.325	0.157	0.077	0.034	0.174	0.180	0.014	0.036	5.000010	11592	2367/659b/43c	156	1807	6a1eb22aa7367c4a	taa,groundcover_scatter,groundcover_models	1824	0.199	0.025	0.191	0	0.000	0.143	0.027	0	2	107	60	64	0	36	19	0
dugout	fsr-quality	2	renderer-stepped	orbit	68.5	14.59	9.12	1.07	11.322	0.157	0.076	0.033	0.174	0.183	0.014	0.033	5.000010	11592	2367/659b/43c	156	1807	6a1eb22aa7367c4a	taa,groundcover_scatter,groundcover_models	1824	0.214	0.025	0.187	0	0.000	0.143	0.026	0	2	107	60	64	0	36	19	0
dugout	fsr-quality	3	renderer-stepped	orbit	68.0	14.70	9.41	1.02	11.167	0.156	0.076	0.035	0.174	0.219	0.014	0.036	5.000010	11592	2367/659b/43c	156	1807	6a1eb22aa7367c4a	taa,groundcover_scatter,groundcover_models	1824	0.205	0.024	0.200	0	0.000	0.143	0.026	0	2	107	60	64	0	36	19	0
dugout	fsr-balanced	1	renderer-stepped	orbit	78.5	12.74	7.40	1.03	8.621	0.127	0.073	0.028	0.391	0.163	0.014	0.031	5.000010	11592	2367/659b/43c	156	1807	6a1eb22aa7367c4a	taa,groundcover_scatter,groundcover_models	1824	0.197	0.025	0.213	0	0.000	0.366	0.023	0	2	94	53	64	0	36	19	0
dugout	fsr-balanced	2	renderer-stepped	orbit	78.2	12.79	7.10	1.16	8.606	0.127	0.072	0.028	0.136	0.172	0.014	0.038	5.000010	11592	2367/659b/43c	156	1807	6a1eb22aa7367c4a	taa,groundcover_scatter,groundcover_models	1824	0.204	0.025	0.274	0	0.000	0.112	0.019	0	2	94	53	64	0	36	19	0
dugout	fsr-balanced	3	renderer-stepped	orbit	86.7	11.53	6.47	1.01	8.241	0.128	0.073	0.028	0.134	0.170	0.013	0.031	5.000010	11592	2367/659b/43c	156	1807	6a1eb22aa7367c4a	taa,groundcover_scatter,groundcover_models	1824	0.208	0.025	0.220	0	0.000	0.112	0.018	0	2	94	53	64	0	36	19	0
dugout	fsr-performance	1	renderer-stepped	orbit	95.0	10.53	5.55	0.99	7.248	0.098	0.066	0.020	0.123	0.153	0.013	0.030	5.000010	11592	2367/659b/43c	156	1807	6a1eb22aa7367c4a	taa,groundcover_scatter,groundcover_models	1824	0.201	0.023	0.193	1	0.000	0.101	0.018	1	4	80	45	64	0	36	19	0
dugout	fsr-performance	2	renderer-stepped	orbit	93.7	10.67	5.71	1.01	7.279	0.100	0.066	0.022	0.123	0.153	0.014	0.030	5.000010	11592	2367/659b/43c	156	1807	6a1eb22aa7367c4a	taa,groundcover_scatter,groundcover_models	1824	0.209	0.024	0.180	1	0.000	0.102	0.017	1	4	80	45	64	0	36	19	0
dugout	fsr-performance	3	renderer-stepped	orbit	88.2	11.34	5.96	1.07	7.781	0.101	0.067	0.022	0.125	0.155	0.014	0.029	5.000010	11592	2367/659b/43c	156	1807	6a1eb22aa7367c4a	taa,groundcover_scatter,groundcover_models	1824	0.201	0.024	0.200	1	0.000	0.103	0.018	1	4	80	45	64	0	36	19	0
medtek	taa	1	renderer-stepped	orbit	20.1	49.69	34.96	4.34	50.139	0.218	0.073	0.073	1.178	0.015	0.013	0.044	5.000010	39560	14280/1340b/82c	286	13038	9baf21078b314935	groundcover_scatter,groundcover_models	8933	0.199	0.040	0.178	0	0.000	1.151	0.023	0	2	160	90	64	1	306	57	0
medtek	taa	2	renderer-stepped	orbit	20.0	49.97	34.96	4.53	51.324	0.214	0.073	0.075	0.915	0.015	0.013	0.044	5.000010	39560	14280/1340b/82c	286	13038	9baf21078b314935	groundcover_scatter,groundcover_models	8933	0.204	0.039	0.184	0	0.000	0.888	0.023	0	2	160	90	64	1	306	57	0
medtek	taa	3	renderer-stepped	orbit	19.5	51.32	33.81	5.47	50.147	0.214	0.073	0.074	0.933	0.015	0.013	0.045	5.000010	39560	14280/1340b/82c	286	13038	9baf21078b314935	groundcover_scatter,groundcover_models	8933	0.214	0.040	0.224	0	0.000	0.906	0.024	0	2	160	90	64	1	306	57	0
medtek	fsr-native-aa	1	renderer-stepped	orbit	19.2	52.04	35.18	5.27	53.054	0.217	0.073	0.074	1.170	0.384	0.013	0.040	5.000010	39560	14280/1340b/82c	286	13038	9baf21078b314935	taa,groundcover_scatter,groundcover_models	8933	0.209	0.038	0.192	0	0.000	1.144	0.023	0	2	160	90	64	1	306	57	0
medtek	fsr-native-aa	2	renderer-stepped	orbit	19.2	52.18	34.03	5.60	51.223	0.220	0.074	0.074	1.187	0.560	0.013	0.040	5.000010	39560	14280/1340b/82c	286	13038	9baf21078b314935	taa,groundcover_scatter,groundcover_models	8933	0.197	0.037	0.233	0	0.000	1.161	0.024	0	2	160	90	64	1	306	57	0
medtek	fsr-native-aa	3	renderer-stepped	orbit	19.1	52.34	35.63	5.12	52.148	0.220	0.072	0.074	0.942	0.457	0.014	0.039	5.000010	39560	14280/1340b/82c	286	13038	9baf21078b314935	taa,groundcover_scatter,groundcover_models	8933	0.202	0.038	0.243	0	0.000	0.918	0.021	0	2	160	90	64	1	306	57	0
medtek	fsr-quality	1	renderer-stepped	orbit	35.2	28.41	10.51	5.63	25.526	0.112	0.048	0.037	0.454	0.184	0.014	0.037	5.000010	39560	14280/1340b/82c	286	13038	9baf21078b314935	taa,groundcover_scatter,groundcover_models	8933	0.197	0.036	0.406	0	0.000	0.425	0.025	0	2	107	60	64	1	306	57	0
medtek	fsr-quality	2	renderer-stepped	orbit	35.7	28.01	12.18	4.88	26.188	0.114	0.050	0.038	0.458	0.586	0.014	0.041	5.000010	39560	14280/1340b/82c	286	13038	9baf21078b314935	taa,groundcover_scatter,groundcover_models	8933	0.201	0.036	0.186	0	0.000	0.427	0.026	0	2	107	60	64	1	306	57	0
medtek	fsr-quality	3	renderer-stepped	orbit	35.3	28.36	11.64	5.13	25.709	0.114	0.048	0.037	0.456	0.470	0.013	0.037	5.000010	39560	14280/1340b/82c	286	13038	9baf21078b314935	taa,groundcover_scatter,groundcover_models	8933	0.197	0.036	0.256	0	0.000	0.427	0.026	0	2	107	60	64	1	306	57	0
medtek	fsr-balanced	1	renderer-stepped	orbit	39.9	25.08	7.67	5.60	20.327	0.094	0.043	0.029	0.356	0.168	0.013	0.035	5.000010	39560	14280/1340b/82c	286	13038	9baf21078b314935	taa,groundcover_scatter,groundcover_models	8933	0.201	0.034	0.234	0	0.000	0.333	0.020	0	2	94	53	64	1	306	57	0
medtek	fsr-balanced	2	renderer-stepped	orbit	41.5	24.12	7.78	5.15	20.378	0.096	0.044	0.030	0.358	0.178	0.014	0.035	5.000010	39560	14280/1340b/82c	286	13038	9baf21078b314935	taa,groundcover_scatter,groundcover_models	8933	0.205	0.034	0.217	0	0.000	0.334	0.020	0	2	94	53	64	1	306	57	0
medtek	fsr-balanced	3	renderer-stepped	orbit	41.7	23.96	7.69	5.14	20.839	0.095	0.043	0.030	0.356	0.175	0.013	0.036	5.000010	39560	14280/1340b/82c	286	13038	9baf21078b314935	taa,groundcover_scatter,groundcover_models	8933	0.197	0.036	0.224	0	0.000	0.333	0.022	0	2	94	53	64	1	306	57	0
medtek	fsr-performance	1	renderer-stepped	orbit	52.3	19.13	4.21	4.61	15.363	0.076	0.039	0.024	0.276	0.168	0.012	0.035	5.000010	39560	14280/1340b/82c	286	13038	9baf21078b314935	taa,groundcover_scatter,groundcover_models	8933	0.203	0.033	0.180	0	0.000	0.254	0.018	0	2	80	45	64	1	306	57	0
medtek	fsr-performance	2	renderer-stepped	orbit	50.6	19.78	3.95	4.86	16.254	0.074	0.038	0.024	0.274	0.170	0.014	0.035	5.000010	39560	14280/1340b/82c	286	13038	9baf21078b314935	taa,groundcover_scatter,groundcover_models	8933	0.207	0.032	0.299	0	0.000	0.253	0.017	0	2	80	45	64	1	306	57	0
medtek	fsr-performance	3	renderer-stepped	orbit	50.2	19.92	3.82	4.97	16.326	0.075	0.038	0.024	0.274	0.161	0.013	0.030	5.000010	39560	14280/1340b/82c	286	13038	9baf21078b314935	taa,groundcover_scatter,groundcover_models	8933	0.205	0.033	0.197	0	0.000	0.253	0.017	0	2	80	45	64	1	306	57	0
