# harness=88c23887b engine=4c9a5b36 (binary swapped in; harness+reporter from a37fcba3c) mode=renderer-stepped camera=orbit runs=3 frames=300 scenes=dugout,medtek settings=isolated
scene	config	run	mode	camera	wall_fps	wall_ms	fence_ms	brd_ms	gpu_main	gpu_svgf	gpu_composite	gpu_ssao	gpu_volumetrics	gpu_upscale	gpu_presentation	gpu_bloom	sim_time_s	entities	draws	lights	tlas	state_hash	gpu_inactive	raster_cmds	gpu_sky_cube	gpu_tlas_build	gpu_cluster_cull	rt_tier	gpu_groundcover_models	gpu_volumetrics_inject	gpu_volumetrics_integrate	volumetric_rt_tier	volumetric_light_cap	froxel_x	froxel_y	froxel_z	transport_armed	fog_volume_count	fog_cluster_max_density	fog_cluster_max_portal
dugout	taa	1	renderer-stepped	orbit	90.2	11.09	4.59	0.62	13.416	0.300	0.035	0.047	0.354	0.012	0.011	0.039	5.000010	11592	1935/326b/12c	156	1818	6bf7f68b4cc5d993	skin_palette	417	0	0.023	0.187	0	0	0	0	0	0	0	0	0	0	0	0	0
dugout	taa	2	renderer-stepped	orbit	89.5	11.17	4.95	0.61	4.527	0.294	0.034	0.048	0.303	0.012	0.010	0.039	5.000010	11592	1935/326b/12c	156	1818	6bf7f68b4cc5d993	skin_palette	417	0	0.023	0.193	0	0	0	0	0	0	0	0	0	0	0	0	0
dugout	taa	3	renderer-stepped	orbit	88.3	11.32	4.85	0.60	4.429	0.296	0.035	0.048	0.303	0.013	0.011	0.039	5.000010	11592	1935/326b/12c	156	1818	6bf7f68b4cc5d993	skin_palette	417	0	0.023	0.201	0	0	0	0	0	0	0	0	0	0	0	0	0
dugout	fsr-native-aa	1	renderer-stepped	orbit	84.7	11.81	5.22	0.60	4.477	0.295	0.037	0.053	0.318	0.215	0.013	0.038	5.000010	11592	1935/326b/12c	156	1818	6bf7f68b4cc5d993	taa,skin_palette	417	0	0.023	0.180	0	0	0	0	0	0	0	0	0	0	0	0	0
dugout	fsr-native-aa	2	renderer-stepped	orbit	89.1	11.22	4.82	0.61	4.460	0.297	0.038	0.053	0.311	0.216	0.013	0.039	5.000010	11592	1935/326b/12c	156	1818	6bf7f68b4cc5d993	taa,skin_palette	417	0	0.023	0.202	0	0	0	0	0	0	0	0	0	0	0	0	0
dugout	fsr-native-aa	3	renderer-stepped	orbit	88.2	11.34	4.40	0.60	4.619	0.295	0.037	0.053	0.318	0.217	0.013	0.039	5.000010	11592	1935/326b/12c	156	1818	6bf7f68b4cc5d993	taa,skin_palette	417	0	0.023	0.198	0	0	0	0	0	0	0	0	0	0	0	0	0
dugout	fsr-quality	1	renderer-stepped	orbit	108.5	9.22	2.74	0.62	9.172	0.150	0.019	0.026	0.205	0.172	0.013	0.062	5.000010	11592	1935/326b/12c	156	1818	6bf7f68b4cc5d993	taa,skin_palette	417	0	0.022	0.203	0	0	0	0	0	0	0	0	0	0	0	0	0
dugout	fsr-quality	2	renderer-stepped	orbit	102.9	9.72	2.78	0.63	8.978	0.152	0.019	0.026	0.207	0.167	0.012	0.033	5.000010	11592	1935/326b/12c	156	1818	6bf7f68b4cc5d993	taa,skin_palette	417	0	0.024	0.240	0	0	0	0	0	0	0	0	0	0	0	0	0
dugout	fsr-quality	3	renderer-stepped	orbit	108.4	9.22	2.40	0.62	7.743	0.150	0.019	0.026	0.204	0.165	0.012	0.033	5.000010	11592	1935/326b/12c	156	1818	6bf7f68b4cc5d993	taa,skin_palette	417	0	0.023	0.207	0	0	0	0	0	0	0	0	0	0	0	0	0
dugout	fsr-balanced	1	renderer-stepped	orbit	120.2	8.32	1.45	0.63	7.190	0.125	0.016	0.030	0.171	0.191	0.012	0.031	5.000010	11592	1935/326b/12c	156	1818	6bf7f68b4cc5d993	taa,skin_palette	417	0	0.024	0.184	0	0	0	0	0	0	0	0	0	0	0	0	0
dugout	fsr-balanced	2	renderer-stepped	orbit	134.8	7.42	1.06	0.60	6.240	0.122	0.016	0.026	0.170	0.159	0.012	0.032	5.000010	11592	1935/326b/12c	156	1818	6bf7f68b4cc5d993	taa,skin_palette	417	0	0.023	0.189	0	0	0	0	0	0	0	0	0	0	0	0	0
dugout	fsr-balanced	3	renderer-stepped	orbit	124.8	8.01	1.68	0.60	6.750	0.124	0.016	0.026	0.171	0.166	0.012	0.035	5.000010	11592	1935/326b/12c	156	1818	6bf7f68b4cc5d993	taa,skin_palette	417	0	0.024	0.197	0	0	0	0	0	0	0	0	0	0	0	0	0
dugout	fsr-performance	1	renderer-stepped	orbit	125.9	7.94	0.27	0.67	4.382	0.102	0.014	0.022	0.132	0.398	0.013	0.035	5.000010	11592	1935/326b/12c	156	1818	6bf7f68b4cc5d993	taa,skin_palette	417	0	0.023	0.209	0	0	0	0	0	0	0	0	0	0	0	0	0
dugout	fsr-performance	2	renderer-stepped	orbit	137.5	7.27	0.34	0.64	3.906	0.095	0.013	0.017	0.133	0.147	0.013	0.029	5.000010	11592	1935/326b/12c	156	1818	6bf7f68b4cc5d993	taa,skin_palette	417	0	0.023	0.236	0	0	0	0	0	0	0	0	0	0	0	0	0
dugout	fsr-performance	3	renderer-stepped	orbit	158.1	6.33	0.29	0.58	4.225	0.096	0.014	0.025	0.132	0.149	0.012	0.030	5.000010	11592	1935/326b/12c	156	1818	6bf7f68b4cc5d993	taa,skin_palette	417	0	0.023	0.232	0	0	0	0	0	0	0	0	0	0	0	0	0
medtek	taa	1	renderer-stepped	orbit	29.2	34.22	14.51	3.54	31.718	0.335	0.038	0.053	1.461	0.013	0.011	0.040	5.000010	39537	13545/1281b/29c	286	13038	5ccb942d6ac99d27	skin_palette	2923	0	0.039	0.205	0	0	0	0	0	0	0	0	0	0	0	0	0
medtek	taa	2	renderer-stepped	orbit	29.3	34.14	14.52	3.53	30.750	0.333	0.037	0.053	1.439	0.012	0.011	0.039	5.000010	39537	13545/1281b/29c	286	13038	5ccb942d6ac99d27	skin_palette	2923	0	0.037	0.196	0	0	0	0	0	0	0	0	0	0	0	0	0
medtek	taa	3	renderer-stepped	orbit	28.8	34.74	14.43	3.56	34.350	0.337	0.039	0.053	1.714	0.013	0.012	0.039	5.000010	39537	13545/1281b/29c	286	13038	5ccb942d6ac99d27	skin_palette	2923	0	0.037	0.174	0	0	0	0	0	0	0	0	0	0	0	0	0
medtek	fsr-native-aa	1	renderer-stepped	orbit	26.4	37.84	16.89	3.65	35.321	0.336	0.044	0.053	2.106	0.225	0.014	0.039	5.000010	39537	13545/1281b/29c	286	13038	5ccb942d6ac99d27	taa,skin_palette	2923	0	0.035	0.203	0	0	0	0	0	0	0	0	0	0	0	0	0
medtek	fsr-native-aa	2	renderer-stepped	orbit	26.4	37.86	16.84	3.74	33.730	0.337	0.046	0.052	2.710	0.223	0.014	0.039	5.000010	39537	13545/1281b/29c	286	13038	5ccb942d6ac99d27	taa,skin_palette	2923	0	0.036	0.177	0	0	0	0	0	0	0	0	0	0	0	0	0
medtek	fsr-native-aa	3	renderer-stepped	orbit	26.5	37.69	16.60	3.59	35.980	0.339	0.045	0.054	2.353	0.227	0.014	0.040	5.000010	39537	13545/1281b/29c	286	13038	5ccb942d6ac99d27	taa,skin_palette	2923	0	0.038	0.183	0	0	0	0	0	0	0	0	0	0	0	0	0
medtek	fsr-quality	1	renderer-stepped	orbit	46.5	21.49	0.51	3.68	16.220	0.166	0.023	0.028	0.915	0.170	0.013	0.033	5.000010	39537	13545/1281b/29c	286	13038	5ccb942d6ac99d27	taa,skin_palette	2923	0	0.036	0.202	0	0	0	0	0	0	0	0	0	0	0	0	0
medtek	fsr-quality	2	renderer-stepped	orbit	44.1	22.65	0.65	3.73	16.865	0.166	0.025	0.028	0.948	0.168	0.015	0.034	5.000010	39537	13545/1281b/29c	286	13038	5ccb942d6ac99d27	taa,skin_palette	2923	0	0.036	0.203	0	0	0	0	0	0	0	0	0	0	0	0	0
medtek	fsr-quality	3	renderer-stepped	orbit	45.2	22.14	0.65	3.76	16.246	0.164	0.023	0.027	1.036	0.175	0.015	0.040	5.000010	39537	13545/1281b/29c	286	13038	5ccb942d6ac99d27	taa,skin_palette	2923	0	0.036	0.184	0	0	0	0	0	0	0	0	0	0	0	0	0
medtek	fsr-balanced	1	renderer-stepped	orbit	45.2	22.12	0.51	3.86	12.884	0.134	0.018	0.023	0.585	0.168	0.014	0.031	5.000010	39537	13545/1281b/29c	286	13038	5ccb942d6ac99d27	taa,skin_palette	2923	0	0.034	0.188	0	0	0	0	0	0	0	0	0	0	0	0	0
medtek	fsr-balanced	2	renderer-stepped	orbit	46.9	21.30	0.32	3.79	13.847	0.136	0.019	0.023	0.911	0.167	0.012	0.036	5.000010	39537	13545/1281b/29c	286	13038	5ccb942d6ac99d27	taa,skin_palette	2923	0	0.057	0.209	0	0	0	0	0	0	0	0	0	0	0	0	0
medtek	fsr-balanced	3	renderer-stepped	orbit	45.7	21.89	0.30	3.81	16.386	0.139	0.020	0.267	0.591	0.162	0.013	0.033	5.000010	39537	13545/1281b/29c	286	13038	5ccb942d6ac99d27	taa,skin_palette	2923	0	0.037	0.187	0	0	0	0	0	0	0	0	0	0	0	0	0
medtek	fsr-performance	1	renderer-stepped	orbit	47.1	21.23	0.20	3.74	10.701	0.105	0.016	0.018	0.443	0.158	0.014	0.035	5.000010	39537	13545/1281b/29c	286	13038	5ccb942d6ac99d27	taa,skin_palette	2923	0	0.036	0.184	0	0	0	0	0	0	0	0	0	0	0	0	0
medtek	fsr-performance	2	renderer-stepped	orbit	45.0	22.23	0.29	3.80	10.800	0.106	0.015	0.018	0.454	0.153	0.013	0.037	5.000010	39537	13545/1281b/29c	286	13038	5ccb942d6ac99d27	taa,skin_palette	2923	0	0.036	0.185	0	0	0	0	0	0	0	0	0	0	0	0	0
medtek	fsr-performance	3	renderer-stepped	orbit	45.5	22.00	0.41	3.81	10.293	0.108	0.016	0.019	0.436	0.156	0.014	0.029	5.000010	39537	13545/1281b/29c	286	13038	5ccb942d6ac99d27	taa,skin_palette	2923	0	0.035	0.206	0	0	0	0	0	0	0	0	0	0	0	0	0
