sample	main_ms	opaque_ms	blended_ms	water_ms	gc_models_ms	gc_blades_ms
1	120.563	115.375	3.718	0.000	0.000	0.000
2	98.745	95.496	2.695	0.000	0.000	0.000
3	60.287	57.284	2.857	0.000	0.000	0.000
4	60.814	57.750	2.877	0.000	0.000	0.000
5	60.425	57.422	2.862	0.000	0.000	0.000
6	60.357	57.140	2.749	0.000	0.000	0.000
7	61.149	57.747	2.912	0.000	0.000	0.000
8	59.709	56.929	2.339	0.000	0.000	0.000
9	60.653	57.355	2.677	0.000	0.000	0.000
10	60.427	57.203	2.703	0.000	0.000	0.000
11	60.852	57.705	2.943	0.000	0.000	0.000
12	60.934	57.804	2.777	0.000	0.000	0.000
13	61.306	57.993	2.479	0.000	0.000	0.000
14	61.515	58.239	3.261	0.000	0.000	0.000
15	61.689	58.973	2.451	0.000	0.000	0.000
16	61.511	58.660	2.511	0.000	0.000	0.000
17	61.245	58.248	2.852	0.000	0.000	0.000
18	60.458	57.396	2.813	0.000	0.000	0.000
19	61.784	58.385	3.383	0.000	0.000	0.000
20	61.868	58.425	3.426	0.000	0.000	0.000
21	61.616	58.769	2.587	0.000	0.000	0.000
22	60.626	57.480	2.891	0.000	0.000	0.000
23	61.727	58.684	2.792	0.000	0.000	0.000
24	61.139	57.949	3.039	0.000	0.000	0.000
25	60.783	57.832	2.645	0.000	0.000	0.000
26	62.127	58.733	3.013	0.000	0.000	0.000
27	61.397	58.203	2.742	0.000	0.000	0.000
28	61.284	58.067	2.838	0.000	0.000	0.000
29	60.905	57.868	2.571	0.000	0.000	0.000
30	60.897	57.973	2.786	0.000	0.000	0.000
31	61.331	58.368	2.477	0.000	0.000	0.000
32	61.372	57.855	3.260	0.000	0.000	0.000
33	60.894	58.241	2.309	0.000	0.000	0.000
34	62.066	58.486	2.609	0.000	0.000	0.000
35	61.843	58.343	3.248	0.000	0.000	0.000
36	61.263	57.424	2.781	0.000	0.000	0.000
37	62.378	58.937	2.939	0.000	0.000	0.000
38	62.514	58.868	3.255	0.000	0.000	0.000
39	61.223	58.183	2.657	0.000	0.000	0.000
40	62.013	58.727	2.831	0.000	0.000	0.000
41	62.477	58.607	2.981	0.000	0.000	0.000
42	60.759	57.599	2.960	0.000	0.000	0.000
43	62.046	58.320	3.421	0.000	0.000	0.000
44	60.684	57.866	2.578	0.000	0.000	0.000
45	62.022	58.606	2.973	0.000	0.000	0.000
46	61.366	58.156	2.717	0.000	0.000	0.000
47	58.444	56.066	2.362	0.000	0.000	0.000
48	61.002	57.945	2.808	0.000	0.000	0.000
49	62.221	58.876	2.898	0.000	0.000	0.000
50	60.616	57.631	2.628	0.000	0.000	0.000
51	61.219	57.955	2.955	0.000	0.000	0.000
52	61.621	58.322	3.161	0.000	0.000	0.000
53	62.423	59.208	2.956	0.000	0.000	0.000
54	62.125	58.695	2.487	0.000	0.000	0.000
55	60.462	57.506	2.569	0.000	0.000	0.000
56	62.878	59.674	2.840	0.000	0.000	0.000
57	61.869	58.967	2.761	0.000	0.000	0.000
58	61.799	58.470	3.072	0.000	0.000	0.000
59	61.930	58.686	2.739	0.000	0.000	0.000
60	61.983	58.632	2.746	0.000	0.000	0.000
61	61.140	57.741	2.928	0.000	0.000	0.000
62	61.400	58.287	2.929	0.000	0.000	0.000
63	60.331	57.235	2.827	0.000	0.000	0.000
64	60.984	57.816	2.687	0.000	0.000	0.000
65	60.793	58.062	2.370	0.000	0.000	0.000
66	61.086	58.116	2.753	0.000	0.000	0.000
67	61.404	58.086	3.032	0.000	0.000	0.000
68	60.482	57.510	2.957	0.000	0.000	0.000
69	60.934	58.004	2.913	0.000	0.000	0.000
70	61.465	57.693	3.216	0.000	0.000	0.000
71	60.926	57.737	2.803	0.000	0.000	0.000
72	60.676	58.262	2.401	0.000	0.000	0.000
73	61.172	58.297	2.422	0.000	0.000	0.000
74	61.023	58.212	2.414	0.000	0.000	0.000
75	60.344	57.221	2.494	0.000	0.000	0.000
76	61.294	58.313	2.629	0.000	0.000	0.000
77	61.196	58.132	2.708	0.000	0.000	0.000
78	61.846	58.072	3.308	0.000	0.000	0.000
79	61.795	58.501	2.902	0.000	0.000	0.000
80	61.254	58.061	3.054	0.000	0.000	0.000
81	61.747	58.342	2.833	0.000	0.000	0.000
82	61.532	58.351	2.794	0.000	0.000	0.000
83	61.146	57.961	3.045	0.000	0.000	0.000
84	61.530	58.308	2.748	0.000	0.000	0.000
85	61.590	58.449	2.698	0.000	0.000	0.000
86	61.314	58.733	2.441	0.000	0.000	0.000
87	61.572	58.678	2.451	0.000	0.000	0.000
88	61.533	58.258	2.988	0.000	0.000	0.000
89	61.329	58.346	2.540	0.000	0.000	0.000
90	61.835	59.225	2.473	0.000	0.000	0.000
91	62.192	58.474	2.984	0.000	0.000	0.000
92	61.500	58.726	2.304	0.000	0.000	0.000
93	61.076	57.834	3.099	0.000	0.000	0.000
94	62.347	58.673	3.273	0.000	0.000	0.000
95	61.827	58.524	2.917	0.000	0.000	0.000
96	61.203	58.324	2.678	0.000	0.000	0.000
97	61.485	58.221	3.094	0.000	0.000	0.000
98	62.356	58.895	3.261	0.000	0.000	0.000
99	61.302	57.990	2.868	0.000	0.000	0.000
100	61.441	58.569	2.735	0.000	0.000	0.000
101	61.799	58.442	3.101	0.000	0.000	0.000
102	61.544	58.117	2.806	0.000	0.000	0.000
103	61.233	57.641	3.249	0.000	0.000	0.000
104	61.471	58.406	2.706	0.000	0.000	0.000
105	60.217	56.419	3.602	0.000	0.000	0.000
106	59.845	56.586	2.823	0.000	0.000	0.000
107	60.534	56.836	3.674	0.000	0.000	0.000
108	60.334	57.672	2.446	0.000	0.000	0.000
109	61.103	58.292	2.473	0.000	0.000	0.000
110	60.903	56.965	3.090	0.000	0.000	0.000
111	61.801	58.557	2.711	0.000	0.000	0.000
112	62.220	59.511	2.567	0.000	0.000	0.000
113	61.923	58.961	2.810	0.000	0.000	0.000
114	62.903	59.479	2.961	0.000	0.000	0.000
115	62.501	59.038	3.194	0.000	0.000	0.000
116	62.191	59.202	2.722	0.000	0.000	0.000
117	62.425	58.593	3.512	0.000	0.000	0.000
118	62.157	58.172	3.515	0.000	0.000	0.000
119	63.254	60.408	2.434	0.000	0.000	0.000
120	62.682	59.733	2.560	0.000	0.000	0.000
121	63.093	60.296	2.417	0.000	0.000	0.000
122	63.806	60.669	2.627	0.000	0.000	0.000
123	63.177	59.377	3.167	0.000	0.000	0.000
124	63.084	60.066	2.582	0.000	0.000	0.000
125	63.659	60.633	2.629	0.000	0.000	0.000
126	63.181	59.727	2.590	0.000	0.000	0.000
127	63.612	60.543	2.580	0.000	0.000	0.000
128	62.788	60.017	2.511	0.000	0.000	0.000
129	64.005	60.177	3.328	0.000	0.000	0.000
130	62.846	58.826	3.131	0.000	0.000	0.000
131	64.161	61.015	2.607	0.000	0.000	0.000
132	63.374	59.922	2.571	0.000	0.000	0.000
133	63.924	60.980	2.590	0.000	0.000	0.000
134	64.005	60.009	3.312	0.000	0.000	0.000
135	64.344	60.859	3.341	0.000	0.000	0.000
136	62.668	59.441	2.970	0.000	0.000	0.000
137	63.534	60.328	2.692	0.000	0.000	0.000
138	63.337	59.390	2.868	0.000	0.000	0.000
139	64.503	61.176	2.963	0.000	0.000	0.000
140	63.845	60.899	2.623	0.000	0.000	0.000
141	63.140	59.611	2.649	0.000	0.000	0.000
142	64.457	61.164	2.708	0.000	0.000	0.000
143	63.500	60.040	3.189	0.000	0.000	0.000
144	63.616	60.441	2.672	0.000	0.000	0.000
145	63.945	61.060	2.620	0.000	0.000	0.000
146	63.793	60.769	2.679	0.000	0.000	0.000
147	62.082	59.085	2.678	0.000	0.000	0.000
148	63.341	59.818	2.688	0.000	0.000	0.000
149	64.264	61.334	2.659	0.000	0.000	0.000
150	63.879	60.798	2.789	0.000	0.000	0.000
151	64.639	61.361	2.703	0.000	0.000	0.000
152	63.928	60.120	2.707	0.000	0.000	0.000
153	64.712	60.905	3.418	0.000	0.000	0.000
154	65.288	61.166	3.625	0.000	0.000	0.000
155	64.511	60.881	3.362	0.000	0.000	0.000
156	64.547	60.174	3.741	0.000	0.000	0.000
157	64.263	60.365	3.387	0.000	0.000	0.000
158	64.078	59.996	3.793	0.000	0.000	0.000
159	64.150	60.940	2.705	0.000	0.000	0.000
160	63.628	59.887	3.450	0.000	0.000	0.000
161	63.710	60.097	3.319	0.000	0.000	0.000
162	64.217	61.087	2.980	0.000	0.000	0.000
163	63.969	60.334	3.198	0.000	0.000	0.000
164	64.006	60.196	3.412	0.000	0.000	0.000
165	64.146	61.101	2.892	0.000	0.000	0.000
166	64.002	60.672	3.313	0.000	0.000	0.000
167	63.565	59.815	3.419	0.000	0.000	0.000
168	63.751	60.443	2.863	0.000	0.000	0.000
169	63.799	60.921	2.861	0.000	0.000	0.000
170	65.263	61.548	3.234	0.000	0.000	0.000
171	64.988	61.271	3.228	0.000	0.000	0.000
172	64.124	60.305	3.413	0.000	0.000	0.000
173	64.005	60.520	3.067	0.000	0.000	0.000
174	64.506	60.875	3.266	0.000	0.000	0.000
175	63.976	60.320	3.329	0.000	0.000	0.000
176	64.356	60.703	3.204	0.000	0.000	0.000
177	64.328	61.396	2.760	0.000	0.000	0.000
178	64.016	60.769	2.796	0.000	0.000	0.000
179	64.134	61.096	2.820	0.000	0.000	0.000
180	64.553	61.165	2.811	0.000	0.000	0.000
181	63.652	60.456	2.818	0.000	0.000	0.000
182	64.681	61.690	2.844	0.000	0.000	0.000
183	64.463	61.083	2.810	0.000	0.000	0.000
184	64.472	61.200	2.870	0.000	0.000	0.000
185	63.375	60.617	2.740	0.000	0.000	0.000
186	64.208	61.049	2.732	0.000	0.000	0.000
187	64.053	61.177	2.854	0.000	0.000	0.000
188	64.858	61.561	2.826	0.000	0.000	0.000
189	64.676	61.603	2.823	0.000	0.000	0.000
190	64.047	60.737	2.839	0.000	0.000	0.000
191	63.970	60.940	2.774	0.000	0.000	0.000
192	64.127	60.719	2.789	0.000	0.000	0.000
193	64.751	61.831	2.901	0.000	0.000	0.000
194	64.233	60.776	2.824	0.000	0.000	0.000
195	64.345	60.638	3.368	0.000	0.000	0.000
196	64.766	60.926	3.303	0.000	0.000	0.000
197	64.742	61.172	2.973	0.000	0.000	0.000
198	65.322	62.020	2.942	0.000	0.000	0.000
199	66.262	63.004	2.937	0.000	0.000	0.000
200	65.075	61.390	3.128	0.000	0.000	0.000
201	64.895	60.961	3.711	0.000	0.000	0.000
202	65.223	61.389	3.476	0.000	0.000	0.000
203	65.117	61.422	3.327	0.000	0.000	0.000
204	64.914	61.166	3.597	0.000	0.000	0.000
205	65.124	61.332	3.168	0.000	0.000	0.000
206	64.570	60.790	3.437	0.000	0.000	0.000
207	64.786	60.996	2.951	0.000	0.000	0.000
208	64.532	60.814	3.109	0.000	0.000	0.000
209	65.317	61.758	2.978	0.000	0.000	0.000
210	65.179	61.449	3.067	0.000	0.000	0.000
211	67.011	62.546	3.137	0.000	0.000	0.000
212	66.040	62.264	3.001	0.000	0.000	0.000
213	65.629	61.455	3.194	0.000	0.000	0.000
214	65.491	61.929	3.088	0.000	0.000	0.000
215	65.972	61.026	3.214	0.000	0.000	0.000
216	66.619	62.500	3.198	0.000	0.000	0.000
217	66.617	62.375	3.134	0.000	0.000	0.000
218	65.989	61.884	3.210	0.000	0.000	0.000
219	65.355	61.492	3.160	0.000	0.000	0.000
220	66.553	62.341	2.942	0.000	0.000	0.000
221	66.745	62.729	3.088	0.000	0.000	0.000
222	66.548	62.780	3.061	0.000	0.000	0.000
223	66.062	62.012	3.132	0.000	0.000	0.000
224	65.872	61.581	3.096	0.000	0.000	0.000
225	67.178	63.242	3.094	0.000	0.000	0.000
226	66.196	62.158	3.214	0.000	0.000	0.000
227	66.900	62.308	3.303	0.000	0.000	0.000
228	66.002	61.390	3.062	0.000	0.000	0.000
229	66.988	62.693	3.251	0.000	0.000	0.000
230	66.331	62.283	3.456	0.000	0.000	0.000
231	65.991	62.166	3.552	0.000	0.000	0.000
232	66.023	62.590	3.416	0.000	0.000	0.000
233	67.402	63.430	3.454	0.000	0.000	0.000
234	66.096	62.374	3.341	0.000	0.000	0.000
235	66.036	61.697	4.318	0.000	0.000	0.000
236	67.556	63.175	3.569	0.000	0.000	0.000
237	65.832	61.655	3.472	0.000	0.000	0.000
238	65.920	61.849	3.374	0.000	0.000	0.000
239	66.061	61.758	3.869	0.000	0.000	0.000
240	66.676	62.425	3.528	0.000	0.000	0.000
241	65.923	62.087	3.813	0.000	0.000	0.000
242	66.195	62.489	3.065	0.000	0.000	0.000
243	66.389	62.510	3.379	0.000	0.000	0.000
244	65.566	62.161	3.015	0.000	0.000	0.000
245	63.559	58.871	3.794	0.000	0.000	0.000
246	66.468	62.381	3.539	0.000	0.000	0.000
247	65.778	61.923	3.586	0.000	0.000	0.000
248	66.337	62.120	3.540	0.000	0.000	0.000
249	67.077	62.795	3.511	0.000	0.000	0.000
250	67.023	62.794	3.452	0.000	0.000	0.000
251	65.871	61.943	3.763	0.000	0.000	0.000
252	65.949	61.597	3.840	0.000	0.000	0.000
253	66.831	62.203	3.540	0.000	0.000	0.000
254	66.260	62.070	3.639	0.000	0.000	0.000
255	66.428	62.260	3.758	0.000	0.000	0.000
256	65.955	62.132	3.267	0.000	0.000	0.000
257	64.809	60.510	3.708	0.000	0.000	0.000
258	66.223	62.435	3.232	0.000	0.000	0.000
259	64.634	60.931	3.683	0.000	0.000	0.000
260	64.265	60.822	3.226	0.000	0.000	0.000
261	64.899	61.171	3.508	0.000	0.000	0.000
262	64.108	60.086	3.644	0.000	0.000	0.000
263	64.523	61.000	3.300	0.000	0.000	0.000
264	64.280	60.209	3.775	0.000	0.000	0.000
265	65.503	61.383	3.526	0.000	0.000	0.000
266	64.979	60.951	3.425	0.000	0.000	0.000
267	63.309	59.264	3.424	0.000	0.000	0.000
268	64.972	60.984	3.375	0.000	0.000	0.000
269	65.451	61.372	3.596	0.000	0.000	0.000
270	65.677	61.591	3.463	0.000	0.000	0.000
271	65.798	61.855	3.382	0.000	0.000	0.000
272	65.769	61.974	3.341	0.000	0.000	0.000
273	65.779	61.735	3.629	0.000	0.000	0.000
274	65.621	62.087	3.053	0.000	0.000	0.000
275	66.055	62.134	3.437	0.000	0.000	0.000
276	65.977	62.077	3.336	0.000	0.000	0.000
277	66.589	62.667	3.350	0.000	0.000	0.000
278	65.954	61.801	3.586	0.000	0.000	0.000
279	66.778	62.941	3.350	0.000	0.000	0.000
280	66.458	62.801	3.640	0.000	0.000	0.000
281	66.553	62.797	3.188	0.000	0.000	0.000
282	66.473	62.531	3.407	0.000	0.000	0.000
283	65.849	61.497	3.959	0.000	0.000	0.000
284	65.857	62.036	3.618	0.000	0.000	0.000
285	65.841	61.994	3.653	0.000	0.000	0.000
286	66.502	62.515	3.422	0.000	0.000	0.000
287	66.340	62.319	3.554	0.000	0.000	0.000
288	66.651	62.697	3.451	0.000	0.000	0.000
289	66.975	63.106	3.646	0.000	0.000	0.000
290	67.109	63.057	3.751	0.000	0.000	0.000
291	67.254	63.145	3.812	0.000	0.000	0.000
292	66.904	62.959	3.656	0.000	0.000	0.000
293	67.174	63.366	3.790	0.000	0.000	0.000
294	67.234	63.069	3.943	0.000	0.000	0.000
295	66.535	62.691	3.481	0.000	0.000	0.000
296	66.931	62.575	3.836	0.000	0.000	0.000
297	66.207	62.376	3.681	0.000	0.000	0.000
298	66.714	63.028	3.226	0.000	0.000	0.000
299	66.881	62.990	3.393	0.000	0.000	0.000
300	67.070	62.388	3.937	0.000	0.000	0.000
