# #5128 pinned-pose control for R6a-regress-22 — FO4 DmndDugoutInn01, TAA, renderer-stepped orbit, 300 frames, 1280x720,
# isolated BYROREDUX_SETTINGS_PATH, CWD = FO4 Data (fsr-bench-matrix.sh dugout args) + --camera-pos/--camera-forward. 2026-09-30.
# Binaries: target/bench-control-{4c9a5b36,99933f87b} (clean worktrees, built 2026-09-28). origin=own: each build's own spawn.
# Origins (renderer-static spawn pose): 4c9a5b36 = 1151.999,100.000,3912.001 fwd 0,-0.447214,-0.894427;
#   99933f87b = 1002.020,120.000,3723.756 fwd -0.997495,0,-0.070737. 4c9a5b36 exits 134/139 on teardown (ROADMAP Teardown SIGSEGV), after its bench line.
origin	build	run	wall_ms	fence_ms	gpu_main	entities	draws	raster_cmds	tlas	camera_pos	camera_forward	state_hash
4c9a5b36	4c9a5b36	1	10.12	2.73	15.090	11592	1940/330b/12c	426	1818	1182.033,100.000,3906.705	-0.305912,-0.447214,-0.840487	4956fa3f6e505de5
4c9a5b36	4c9a5b36	2	10.42	2.58	15.074	11592	1940/330b/12c	426	1818	1182.033,100.000,3906.705	-0.305912,-0.447214,-0.840487	4956fa3f6e505de5
4c9a5b36	4c9a5b36	3	10.24	2.71	14.584	11592	1940/330b/12c	426	1818	1182.033,100.000,3906.705	-0.305912,-0.447214,-0.840487	4956fa3f6e505de5
4c9a5b36	99933f87b	1	11.48	5.33	17.561	11592	1929/168b/13c	426	1807	1182.033,100.000,3906.705	-0.305912,-0.447214,-0.840487	d2c224e9f3aa31a1
4c9a5b36	99933f87b	2	10.91	5.15	5.962	11592	1929/168b/13c	426	1807	1182.033,100.000,3906.705	-0.305912,-0.447214,-0.840487	d2c224e9f3aa31a1
4c9a5b36	99933f87b	3	10.92	5.43	5.670	11592	1929/168b/13c	426	1807	1182.033,100.000,3906.705	-0.305912,-0.447214,-0.840487	d2c224e9f3aa31a1
99933f87b	4c9a5b36	1	27.16	18.96	23.617	11592	2414/1396b/44c	1933	1818	943.397,120.000,3160.670	-0.961532,0.000000,0.274692	cbbf19e04b134b7a
99933f87b	4c9a5b36	2	27.14	18.82	21.765	11592	2414/1396b/44c	1933	1818	943.397,120.000,3160.670	-0.961532,0.000000,0.274692	cbbf19e04b134b7a
99933f87b	4c9a5b36	3	27.10	19.17	22.248	11592	2414/1396b/44c	1933	1818	943.397,120.000,3160.670	-0.961532,0.000000,0.274692	cbbf19e04b134b7a
99933f87b	99933f87b	1	25.57	19.83	21.572	11592	2367/659b/43c	1824	1807	963.006,120.000,3349.024	-0.961532,0.000000,0.274693	02ad81be44f557de
99933f87b	99933f87b	2	25.51	19.76	21.679	11592	2367/659b/43c	1824	1807	963.006,120.000,3349.024	-0.961532,0.000000,0.274693	02ad81be44f557de
99933f87b	99933f87b	3	25.81	20.16	21.546	11592	2367/659b/43c	1824	1807	963.006,120.000,3349.024	-0.961532,0.000000,0.274693	02ad81be44f557de
own	4c9a5b36	1	11.01	3.15	5.014	11592	1935/326b/12c	417	1818	1202.454,100.000,3903.105	-0.305912,-0.447213,-0.840487	6bf7f68b4cc5d993
own	4c9a5b36	2	10.20	2.62	5.261	11592	1935/326b/12c	417	1818	1202.454,100.000,3903.105	-0.305912,-0.447213,-0.840487	6bf7f68b4cc5d993
own	4c9a5b36	3	9.99	2.65	5.027	11592	1935/326b/12c	417	1818	1202.454,100.000,3903.105	-0.305912,-0.447213,-0.840487	6bf7f68b4cc5d993
own	99933f87b	1	25.49	19.67	20.028	11592	2367/659b/43c	1824	1807	963.006,120.000,3349.023	-0.961532,0.000000,0.274692	6a1eb22aa7367c4a
own	99933f87b	2	25.56	19.82	20.941	11592	2367/659b/43c	1824	1807	963.006,120.000,3349.023	-0.961532,0.000000,0.274692	6a1eb22aa7367c4a
own	99933f87b	3	25.67	19.84	20.850	11592	2367/659b/43c	1824	1807	963.006,120.000,3349.023	-0.961532,0.000000,0.274692	6a1eb22aa7367c4a
